Season,Variable,Value
SPRING,Temp_in,23.75505834
SPRING,Salinity,27.7402879
SPRING,Phosphate,0.54
SPRING,Silicate,157.93
SPRING,NN,7.92
SPRING,pH,7.909
SPRING,TA,2161.48229
SPRING,percent_sgd,20.40439276
SPRING,Temp_in,23.53255956
SPRING,Salinity,30.6119226
SPRING,Phosphate,0.36
SPRING,Silicate,92.59
SPRING,NN,3.37
SPRING,pH,7.965
SPRING,TA,2145.827701
SPRING,percent_sgd,11.9625323
SPRING,Temp_in,22.63449814
SPRING,Salinity,28.37007862
SPRING,Phosphate,0.5
SPRING,Silicate,143.6
SPRING,NN,7.29
SPRING,pH,8.023
SPRING,TA,2272.39081
SPRING,percent_sgd,18.55297158
SPRING,Temp_in,24.01982367
SPRING,Salinity,32.82124424
SPRING,Phosphate,0.25
SPRING,Silicate,42.32
SPRING,NN,0.79
SPRING,pH,7.995
SPRING,TA,2219.583262
SPRING,percent_sgd,5.467700258
SPRING,Temp_in,23.26102354
SPRING,Salinity,29.12292683
SPRING,Phosphate,0.5
SPRING,Silicate,126.47
SPRING,NN,7.45
SPRING,pH,8.005
SPRING,TA,2151.825559
SPRING,percent_sgd,16.33979328
SPRING,Temp_in,24.00516582
SPRING,Salinity,34.0201759
SPRING,Phosphate,0.13
SPRING,Silicate,15.04
SPRING,NN,0.46
SPRING,pH,8.019
SPRING,TA,2216.7581
SPRING,percent_sgd,1.943152455
SPRING,Temp_in,23.72550249
SPRING,Salinity,32.20639623
SPRING,Phosphate,0.28
SPRING,Silicate,56.31
SPRING,NN,1.59
SPRING,pH,8.003
SPRING,TA,2220.335875
SPRING,percent_sgd,7.275193798
SPRING,Temp_in,24.08231046
SPRING,Salinity,33.66594609
SPRING,Phosphate,0.15
SPRING,Silicate,23.1
SPRING,NN,0.34
SPRING,pH,7.978
SPRING,TA,2266.862576
SPRING,percent_sgd,2.984496124
SPRING,Temp_in,24.61700769
SPRING,Salinity,32.66478542
SPRING,Phosphate,0.23
SPRING,Silicate,45.88
SPRING,NN,1.91
SPRING,pH,7.972
SPRING,TA,2189.458388
SPRING,percent_sgd,5.927648579
SPRING,Temp_in,23.8898623
SPRING,Salinity,34.34759675
SPRING,Phosphate,0.11
SPRING,Silicate,7.59
SPRING,NN,0.25
SPRING,pH,7.959
SPRING,TA,2240.714341
SPRING,percent_sgd,0.980620155
SPRING,Temp_in,23.87418146
SPRING,Salinity,34.2073991
SPRING,Phosphate,0.11
SPRING,Silicate,10.78
SPRING,NN,0.26
SPRING,pH,7.953
SPRING,TA,2295.977644
SPRING,percent_sgd,1.392764858
SPRING,Temp_in,23.97824596
SPRING,Salinity,34.00567269
SPRING,Phosphate,0.13
SPRING,Silicate,15.37
SPRING,NN,0.36
SPRING,pH,7.924
SPRING,TA,2212.963581
SPRING,percent_sgd,1.985788114
SPRING,Temp_in,24.10860383
SPRING,Salinity,34.57789008
SPRING,Phosphate,0.09
SPRING,Silicate,2.35
SPRING,NN,0.2
SPRING,pH,7.933
SPRING,TA,2277.045233
SPRING,percent_sgd,0.303617571
SPRING,Temp_in,24.06194201
SPRING,Salinity,34.57832957
SPRING,Phosphate,0.09
SPRING,Silicate,2.34
SPRING,NN,0.19
SPRING,pH,7.989
SPRING,TA,2294.263212
SPRING,percent_sgd,0.302325581
SPRING,Temp_in,23.85659446
SPRING,Salinity,34.57085822
SPRING,Phosphate,0.11
SPRING,Silicate,2.51
SPRING,NN,0.16
SPRING,pH,7.957
SPRING,TA,2309.947719
SPRING,percent_sgd,0.324289406
SPRING,Temp_in,23.87478944
SPRING,Salinity,34.47636764
SPRING,Phosphate,0.09
SPRING,Silicate,4.66
SPRING,NN,0.19
SPRING,pH,7.925
SPRING,TA,2268.419106
SPRING,percent_sgd,0.602067183
SPRING,Temp_in,24.51562606
SPRING,Salinity,34.59942514
SPRING,Phosphate,0.12
SPRING,Silicate,1.86
SPRING,NN,0.26
SPRING,pH,7.997
SPRING,TA,2274.630462
SPRING,percent_sgd,0.240310078
SPRING,Temp_in,24.56946139
SPRING,Salinity,34.581406
SPRING,Phosphate,0.11
SPRING,Silicate,2.27
SPRING,NN,0.2
SPRING,pH,7.986
SPRING,TA,2221.496044
SPRING,percent_sgd,0.293281654
SPRING,Temp_in,24.77369034
SPRING,Salinity,34.60733598
SPRING,Phosphate,0.12
SPRING,Silicate,1.68
SPRING,NN,0.13
SPRING,pH,7.996
SPRING,TA,2263.358534
SPRING,percent_sgd,0.217054264
SPRING,Temp_in,24.97791928
SPRING,Salinity,34.59854616
SPRING,Phosphate,0.12
SPRING,Silicate,1.88
SPRING,NN,0.18
SPRING,pH,7.963
SPRING,TA,2278.298318
SPRING,percent_sgd,0.242894057
SPRING,Salinity,24.83173596
SPRING,Phosphate,1.33
SPRING,Silicate,224.11
SPRING,NN,27.65
SPRING,pH,8.463
SPRING,TA,1862.585914
SPRING,percent_sgd,28.95478036
SPRING,Temp_in,24.43115441
SPRING,Salinity,34.60953343
SPRING,Phosphate,0.12
SPRING,Silicate,1.63
SPRING,NN,0.13
SPRING,pH,7.975
SPRING,TA,2274.315854
SPRING,percent_sgd,0.210594315
SPRING,Temp_in,24.43115441
SPRING,Salinity,34.59459074
SPRING,Phosphate,0.21
SPRING,Silicate,1.97
SPRING,NN,0.2
SPRING,pH,7.933
SPRING,TA,2294.499484
SPRING,percent_sgd,0.254521964
SPRING,pH,8.348
SPRING,TA,2252.358899
SPRING,Temp_in,25.39966468
SPRING,Salinity,34.48867339
SPRING,Phosphate,0.11
SPRING,Silicate,4.38
SPRING,NN,0.28
SPRING,pH,8.094
SPRING,TA,2244.213993
SPRING,percent_sgd,0.565891473
SPRING,Temp_in,25.20243729
SPRING,Salinity,34.49658423
SPRING,Phosphate,0.1
SPRING,Silicate,4.2
SPRING,NN,0.21
SPRING,pH,8.098
SPRING,TA,2264.306252
SPRING,percent_sgd,0.542635659
SPRING,Temp_in,25.33238243
SPRING,Salinity,34.42582616
SPRING,Phosphate,0.12
SPRING,Silicate,5.81
SPRING,NN,0.23
SPRING,pH,8.079
SPRING,TA,2336.320198
SPRING,percent_sgd,0.750645995
SPRING,Temp_in,25.88280725
SPRING,Salinity,34.48076255
SPRING,Phosphate,0.12
SPRING,Silicate,4.56
SPRING,NN,0.24
SPRING,pH,8.063
SPRING,TA,2269.134251
SPRING,percent_sgd,0.589147287
SPRING,Temp_in,25.21517828
SPRING,Salinity,34.54141232
SPRING,Phosphate,0.12
SPRING,Silicate,3.18
SPRING,NN,0.2
SPRING,pH,8.075
SPRING,TA,2273.407056
SPRING,percent_sgd,0.410852713
SPRING,Temp_in,25.44160305
SPRING,Salinity,34.53394097
SPRING,Phosphate,0.12
SPRING,Silicate,3.35
SPRING,NN,0.21
SPRING,pH,8.096
SPRING,TA,2241.211157
SPRING,percent_sgd,0.432816537
SPRING,Temp_in,25.5396418
SPRING,Salinity,34.52603013
SPRING,Phosphate,0.11
SPRING,Silicate,3.53
SPRING,NN,0.22
SPRING,pH,8.077
SPRING,TA,2283.485901
SPRING,percent_sgd,0.456072351
SPRING,Temp_in,25.67325055
SPRING,Salinity,34.52515115
SPRING,Phosphate,0.1
SPRING,Silicate,3.55
SPRING,NN,0.18
SPRING,pH,8.062
SPRING,TA,2265.354907
SPRING,percent_sgd,0.458656331
SPRING,Temp_in,25.30033536
SPRING,Salinity,34.57789008
SPRING,Phosphate,0.11
SPRING,Silicate,2.35
SPRING,NN,0.18
SPRING,pH,8.086
SPRING,TA,2270.401798
SPRING,percent_sgd,0.303617571
SPRING,Temp_in,25.4691375
SPRING,Salinity,34.56426585
SPRING,Phosphate,0.13
SPRING,Silicate,2.66
SPRING,NN,0.16
SPRING,pH,8.089
SPRING,TA,2245.596857
SPRING,percent_sgd,0.343669251
SPRING,Temp_in,25.48436687
SPRING,Salinity,34.5669028
SPRING,Phosphate,0.12
SPRING,Silicate,2.6
SPRING,NN,0.19
SPRING,pH,8.094
SPRING,TA,2259.329722
SPRING,percent_sgd,0.335917313
SPRING,Temp_in,25.57880871
SPRING,Salinity,34.54141232
SPRING,Phosphate,0.11
SPRING,Silicate,3.18
SPRING,NN,0.21
SPRING,pH,8.079
SPRING,TA,2288.464523
SPRING,percent_sgd,0.410852713
SPRING,Temp_in,25.71026052
SPRING,Salinity,34.59898565
SPRING,Phosphate,0.14
SPRING,Silicate,1.87
SPRING,NN,0.19
SPRING,pH,8.088
SPRING,TA,2247.471323
SPRING,percent_sgd,0.241602067
SPRING,Temp_in,25.52240571
SPRING,Salinity,34.60162259
SPRING,Phosphate,0.11
SPRING,Silicate,1.81
SPRING,NN,0.12
SPRING,pH,8.112
SPRING,TA,2235.94711
SPRING,percent_sgd,0.233850129
SPRING,Temp_in,25.54394564
SPRING,Salinity,34.58799837
SPRING,Phosphate,0.12
SPRING,Silicate,2.12
SPRING,NN,0.15
SPRING,pH,8.113
SPRING,TA,2254.568475
SPRING,percent_sgd,0.273901809
SPRING,Temp_in,25.57611959
SPRING,Salinity,34.5915143
SPRING,Phosphate,0.11
SPRING,Silicate,2.04
SPRING,NN,0.12
SPRING,pH,8.118
SPRING,TA,2278.998271
SPRING,percent_sgd,0.263565891
SPRING,Temp_in,25.24803637
SPRING,Salinity,34.60821496
SPRING,Phosphate,0.12
SPRING,Silicate,1.66
SPRING,NN,0.21
SPRING,pH,8.097
SPRING,TA,2263.320386
SPRING,percent_sgd,0.214470284
SPRING,Temp_in,25.31753883
SPRING,Salinity,34.60865445
SPRING,Phosphate,0.11
SPRING,Silicate,1.65
SPRING,NN,0.14
SPRING,pH,8.089
SPRING,TA,2283.21026
SPRING,percent_sgd,0.213178295
SPRING,Temp_in,25.72976343
SPRING,Salinity,34.61173089
SPRING,Phosphate,0.13
SPRING,Silicate,1.58
SPRING,NN,0.14
SPRING,pH,8.053
SPRING,TA,2257.582582
SPRING,percent_sgd,0.204134367
SPRING,Temp_in,26.14198803
SPRING,Salinity,34.60909394
SPRING,Phosphate,0.12
SPRING,Silicate,1.64
SPRING,NN,0.12
SPRING,pH,8.087
SPRING,TA,2259.577353
SPRING,percent_sgd,0.211886305
SPRING,Salinity,34.39989619
SPRING,Phosphate,0.15
SPRING,Silicate,6.4
SPRING,NN,0.35
SPRING,pH,8.287
SPRING,TA,2255.661977
SPRING,percent_sgd,0.826873385
SPRING,Temp_in,24.60358254
SPRING,Salinity,34.62139969
SPRING,Phosphate,0.14
SPRING,Silicate,1.36
SPRING,NN,0.09
SPRING,pH,8.03
SPRING,TA,2278.659129
SPRING,percent_sgd,0.175710594
SPRING,Temp_in,24.60358254
SPRING,Salinity,34.61348885
SPRING,Phosphate,0.18
SPRING,Silicate,1.54
SPRING,NN,0.1
SPRING,pH,8.039
SPRING,TA,2280.792107
SPRING,percent_sgd,0.198966408
SPRING,pH,8.43
SPRING,TA,2270.028889
SPRING,Temp_in,23.68898041
SPRING,Salinity,31.50277101
SPRING,Phosphate,0.31
SPRING,Silicate,72.32
SPRING,NN,2.77
SPRING,pH,7.917
SPRING,TA,2233.751992
SPRING,percent_sgd,9.343669251
SPRING,Temp_in,23.31951534
SPRING,Salinity,32.73334603
SPRING,Phosphate,0.23
SPRING,Silicate,44.32
SPRING,NN,2.34
SPRING,pH,8.01
SPRING,TA,2254.795338
SPRING,percent_sgd,5.726098191
SPRING,Temp_in,23.42893972
SPRING,Salinity,33.12097716
SPRING,Phosphate,0.21
SPRING,Silicate,35.5
SPRING,NN,1.36
SPRING,pH,7.981
SPRING,TA,2257.264212
SPRING,percent_sgd,4.586563307
SPRING,Temp_in,23.76412004
SPRING,Salinity,34.3599025
SPRING,Phosphate,0.08
SPRING,Silicate,7.31
SPRING,NN,0.24
SPRING,pH,7.998
SPRING,TA,2274.697509
SPRING,percent_sgd,0.944444444
SPRING,Temp_in,23.51966167
SPRING,Salinity,32.10970819
SPRING,Phosphate,0.29
SPRING,Silicate,58.51
SPRING,NN,3.47
SPRING,pH,7.993
SPRING,TA,2254.602485
SPRING,percent_sgd,7.559431525
SPRING,Temp_in,23.80725669
SPRING,Salinity,34.35155217
SPRING,Phosphate,0.09
SPRING,Silicate,7.5
SPRING,NN,0.23
SPRING,pH,7.865
SPRING,TA,2300.599272
SPRING,percent_sgd,0.968992248
SPRING,Temp_in,23.74796861
SPRING,Salinity,34.4486797
SPRING,Phosphate,0.07
SPRING,Silicate,5.29
SPRING,NN,0.15
SPRING,pH,7.934
SPRING,TA,2251.863751
SPRING,percent_sgd,0.683462532
SPRING,Temp_in,23.74387241
SPRING,Salinity,34.43769242
SPRING,Phosphate,0.09
SPRING,Silicate,5.54
SPRING,NN,0.18
SPRING,pH,7.97
SPRING,TA,2303.486119
SPRING,percent_sgd,0.715762274
SPRING,Temp_in,24.50343263
SPRING,Salinity,34.48427848
SPRING,Phosphate,0.09
SPRING,Silicate,4.48
SPRING,NN,0.28
SPRING,pH,7.982
SPRING,TA,2250.3368
SPRING,percent_sgd,0.57881137
SPRING,Temp_in,23.9802397
SPRING,Salinity,34.54404926
SPRING,Phosphate,0.09
SPRING,Silicate,3.12
SPRING,NN,0.22
SPRING,pH,7.915
SPRING,TA,2284.103997
SPRING,percent_sgd,0.403100775
SPRING,Temp_in,24.00713255
SPRING,Salinity,34.55327858
SPRING,Phosphate,0.12
SPRING,Silicate,2.91
SPRING,NN,0.25
SPRING,pH,7.933
SPRING,TA,2280.920815
SPRING,percent_sgd,0.375968992
SPRING,Temp_in,23.87550248
SPRING,Salinity,34.56031043
SPRING,Phosphate,0.11
SPRING,Silicate,2.75
SPRING,NN,0.21
SPRING,pH,7.969
SPRING,TA,2227.978151
SPRING,percent_sgd,0.355297158
SPRING,Temp_in,24.31659874
SPRING,Salinity,34.6060175
SPRING,Phosphate,0.13
SPRING,Silicate,1.71
SPRING,NN,0.15
SPRING,pH,7.951
SPRING,TA,2283.721685
SPRING,percent_sgd,0.220930233
SPRING,Temp_in,24.26640693
SPRING,Salinity,34.61304936
SPRING,Phosphate,0.11
SPRING,Silicate,1.55
SPRING,NN,0.19
SPRING,pH,7.95
SPRING,TA,2248.792728
SPRING,percent_sgd,0.200258398
SPRING,Temp_in,24.25437307
SPRING,Salinity,34.6112914
SPRING,Phosphate,0.12
SPRING,Silicate,1.59
SPRING,NN,0.17
SPRING,pH,7.96
SPRING,TA,2281.7078
SPRING,percent_sgd,0.205426357
SPRING,Temp_in,23.89699277
SPRING,Salinity,34.6011831
SPRING,Phosphate,0.11
SPRING,Silicate,1.82
SPRING,NN,0.25
SPRING,pH,7.852
SPRING,TA,2204.133771
SPRING,percent_sgd,0.235142119
SPRING,Temp_in,24.27209963
SPRING,Salinity,34.5915143
SPRING,Phosphate,0.12
SPRING,Silicate,2.04
SPRING,NN,0.18
SPRING,pH,7.973
SPRING,TA,2248.010876
SPRING,percent_sgd,0.263565891
SPRING,Temp_in,24.50119932
SPRING,Salinity,34.61964173
SPRING,Phosphate,0.12
SPRING,Silicate,1.4
SPRING,NN,0.17
SPRING,pH,7.966
SPRING,TA,2304.665708
SPRING,percent_sgd,0.180878553
SPRING,Temp_in,24.76463798
SPRING,Salinity,34.61480733
SPRING,Phosphate,0.13
SPRING,Silicate,1.51
SPRING,NN,0.13
SPRING,pH,7.918
SPRING,TA,2242.05194
SPRING,percent_sgd,0.195090439
SPRING,Temp_in,25.02807664
SPRING,Salinity,34.61173089
SPRING,Phosphate,0.12
SPRING,Silicate,1.58
SPRING,NN,0.13
SPRING,pH,7.893
SPRING,TA,2288.770164
SPRING,percent_sgd,0.204134367
SPRING,Salinity,29.78392141
SPRING,Phosphate,0.49
SPRING,Silicate,111.43
SPRING,NN,6.48
SPRING,pH,8.36
SPRING,TA,2226.798064
SPRING,percent_sgd,14.39664083
SPRING,pH,8.276
SPRING,TA,2264.100058
SPRING,Temp_in,23.84408
SPRING,Salinity,34.50669252
SPRING,Phosphate,0.11
SPRING,Silicate,3.97
SPRING,NN,0.21
SPRING,pH,7.91
SPRING,TA,2317.859168
SPRING,percent_sgd,0.512919897
SPRING,Temp_in,23.55377558
SPRING,Salinity,34.42099176
SPRING,Phosphate,0.08
SPRING,Silicate,5.92
SPRING,NN,0.19
SPRING,pH,7.961
SPRING,TA,2289.427426
SPRING,percent_sgd,0.764857881
SPRING,Temp_in,23.47183421
SPRING,Salinity,34.29002342
SPRING,Phosphate,0.11
SPRING,Silicate,8.9
SPRING,NN,0.44
SPRING,pH,7.957
SPRING,TA,2294.627259
SPRING,percent_sgd,1.149870801
SPRING,Temp_in,23.556481
SPRING,Salinity,34.36561589
SPRING,Phosphate,0.09
SPRING,Silicate,7.18
SPRING,NN,0.17
SPRING,pH,7.845
SPRING,TA,2329.60589
SPRING,percent_sgd,0.927648579
SPRING,Temp_in,23.7800959
SPRING,Salinity,34.53833588
SPRING,Phosphate,0.1
SPRING,Silicate,3.25
SPRING,NN,0.22
SPRING,pH,7.96
SPRING,TA,2289.515865
SPRING,percent_sgd,0.419896641
SPRING,Temp_in,23.82914525
SPRING,Salinity,34.44252682
SPRING,Phosphate,0.11
SPRING,Silicate,5.43
SPRING,NN,0.19
SPRING,pH,7.906
SPRING,TA,2281.618209
SPRING,percent_sgd,0.701550388
SPRING,Temp_in,23.61317188
SPRING,Salinity,34.5176798
SPRING,Phosphate,0.09
SPRING,Silicate,3.72
SPRING,NN,0.16
SPRING,pH,7.908
SPRING,TA,2327.839765
SPRING,percent_sgd,0.480620155
SPRING,Temp_in,23.65293476
SPRING,Salinity,34.45966698
SPRING,Phosphate,0.07
SPRING,Silicate,5.04
SPRING,NN,0.15
SPRING,pH,7.868
SPRING,TA,2284.913361
SPRING,percent_sgd,0.651162791
SPRING,Temp_in,24.05007101
SPRING,Salinity,34.56953975
SPRING,Phosphate,0.12
SPRING,Silicate,2.54
SPRING,NN,0.16
SPRING,pH,7.928
SPRING,TA,2291.859351
SPRING,percent_sgd,0.328165375
SPRING,Temp_in,23.80041662
SPRING,Salinity,34.53130402
SPRING,Phosphate,0.1
SPRING,Silicate,3.41
SPRING,NN,0.16
SPRING,pH,7.931
SPRING,TA,2308.961939
SPRING,percent_sgd,0.440568475
SPRING,Temp_in,23.65167304
SPRING,Salinity,34.52471166
SPRING,Phosphate,0.12
SPRING,Silicate,3.56
SPRING,NN,0.25
SPRING,pH,7.944
SPRING,TA,2284.136728
SPRING,percent_sgd,0.45994832
SPRING,Temp_in,23.6523039
SPRING,Salinity,34.5128454
SPRING,Phosphate,0.09
SPRING,Silicate,3.83
SPRING,NN,0.18
SPRING,pH,7.901
SPRING,TA,2305.157053
SPRING,percent_sgd,0.494832041
SPRING,Temp_in,23.96962105
SPRING,Salinity,34.59327226
SPRING,Phosphate,0.11
SPRING,Silicate,2
SPRING,NN,0.2
SPRING,pH,7.942
SPRING,TA,2238.72427
SPRING,percent_sgd,0.258397933
SPRING,Temp_in,23.90270436
SPRING,Salinity,34.60250158
SPRING,Phosphate,0.11
SPRING,Silicate,1.79
SPRING,NN,0.2
SPRING,pH,7.924
SPRING,TA,2288.673354
SPRING,percent_sgd,0.23126615
SPRING,Temp_in,23.72369608
SPRING,Salinity,34.60382005
SPRING,Phosphate,0.11
SPRING,Silicate,1.76
SPRING,NN,0.2
SPRING,pH,7.945
SPRING,TA,2268.841999
SPRING,percent_sgd,0.227390181
SPRING,Temp_in,23.6971628
SPRING,Salinity,34.60008438
SPRING,Temp_in,23.91871166
SPRING,Salinity,34.5963487
SPRING,Phosphate,0.12
SPRING,Silicate,1.93
SPRING,NN,0.15
SPRING,pH,7.95
SPRING,TA,2275.456662
SPRING,percent_sgd,0.249354005
SPRING,Temp_in,24.04954757
SPRING,Salinity,34.60865445
SPRING,Phosphate,0.11
SPRING,Silicate,1.65
SPRING,NN,0.17
SPRING,pH,7.947
SPRING,TA,2259.753937
SPRING,percent_sgd,0.213178295
SPRING,Temp_in,24.28645788
SPRING,Salinity,34.61348885
SPRING,Phosphate,0.11
SPRING,Silicate,1.54
SPRING,NN,0.13
SPRING,pH,7.945
SPRING,TA,2258.364848
SPRING,percent_sgd,0.198966408
SPRING,Temp_in,24.52336819
SPRING,Salinity,34.60557801
SPRING,Phosphate,0.11
SPRING,Silicate,1.72
SPRING,NN,0.11
SPRING,pH,7.934
SPRING,TA,2295.329722
SPRING,percent_sgd,0.222222222
SPRING,Salinity,33.93887005
SPRING,Phosphate,0.17
SPRING,Silicate,16.89
SPRING,NN,1.25
SPRING,pH,8.318
SPRING,TA,2273.073417
SPRING,percent_sgd,2.182170543
SPRING,Temp_in,24.12984958
SPRING,Salinity,34.61041242
SPRING,Phosphate,0.13
SPRING,Silicate,1.61
SPRING,NN,0.1
SPRING,pH,7.955
SPRING,TA,2258.053746
SPRING,percent_sgd,0.208010336
SPRING,Temp_in,24.12984958
SPRING,Salinity,34.58448244
SPRING,Phosphate,0.17
SPRING,Silicate,2.2
SPRING,NN,0.08
SPRING,pH,7.995
SPRING,TA,2270.824438
SPRING,percent_sgd,0.284237726
SPRING,pH,8.354
SPRING,TA,2265.254898
SPRING,TA,1746.708355
FALL,Temp_in,25.46666036
FALL,Salinity,32.33384864
FALL,Phosphate,0.19
FALL,Silicate,53.41
FALL,NN,1.02
FALL,pH,8.094
FALL,TA,2219.095298
FALL,percent_sgd,6.900516796
FALL,Temp_in,24.83646091
FALL,Salinity,29.68899134
FALL,Phosphate,0.38
FALL,Silicate,113.59
FALL,NN,5.83
FALL,pH,8.096
FALL,TA,2180.930839
FALL,percent_sgd,14.67571059
FALL,Temp_in,25.26714707
FALL,Salinity,31.27467514
FALL,Phosphate,0.27
FALL,Silicate,77.51
FALL,NN,2.45
FALL,pH,8.192
FALL,TA,2199.619975
FALL,percent_sgd,10.01421189
FALL,Temp_in,25.90683954
FALL,Salinity,34.25750108
FALL,Phosphate,0.08
FALL,Silicate,9.64
FALL,NN,0.27
FALL,pH,8.149
FALL,TA,2245.963283
FALL,percent_sgd,1.245478036
FALL,Temp_in,25.21517828
FALL,Salinity,32.71840333
FALL,Phosphate,0.19
FALL,Silicate,44.66
FALL,NN,1.33
FALL,pH,8.083
FALL,TA,2212.273427
FALL,percent_sgd,5.77002584
FALL,Temp_in,25.82009286
FALL,Salinity,34.21926536
FALL,Phosphate,0.09
FALL,Silicate,10.51
FALL,NN,0.29
FALL,pH,8.109
FALL,TA,2244.687113
FALL,percent_sgd,1.357881137
FALL,Temp_in,25.76804737
FALL,Salinity,34.49526575
FALL,Phosphate,0.07
FALL,Silicate,4.23
FALL,NN,0.21
FALL,pH,8.088
FALL,TA,2256.437492
FALL,percent_sgd,0.546511628
FALL,Temp_in,25.83356331
FALL,Salinity,34.50361608
FALL,Phosphate,0.06
FALL,Silicate,4.04
FALL,NN,0.17
FALL,pH,8.077
FALL,TA,2247.179605
FALL,percent_sgd,0.521963824
FALL,Temp_in,26.78995211
FALL,Salinity,34.49746321
FALL,Phosphate,0.05
FALL,Silicate,4.18
FALL,NN,0.17
FALL,pH,8.03
FALL,TA,2242.012856
FALL,percent_sgd,0.54005168
FALL,Temp_in,26.08314479
FALL,Salinity,34.54976265
FALL,Phosphate,0.04
FALL,Silicate,2.99
FALL,NN,0.25
FALL,pH,8.072
FALL,TA,2240.889093
FALL,percent_sgd,0.38630491
FALL,Temp_in,25.95708185
FALL,Salinity,34.57569262
FALL,Phosphate,0.06
FALL,Silicate,2.4
FALL,NN,0.14
FALL,pH,8.042
FALL,TA,2239.283896
FALL,percent_sgd,0.310077519
FALL,Temp_in,25.89532258
FALL,Salinity,34.57832957
FALL,Phosphate,0.1
FALL,Silicate,2.34
FALL,NN,0.18
FALL,pH,8.048
FALL,TA,2254.849699
FALL,percent_sgd,0.302325581
FALL,Temp_in,26.48281306
FALL,Salinity,34.60953343
FALL,Phosphate,0.07
FALL,Silicate,1.63
FALL,NN,0.13
FALL,pH,8.091
FALL,TA,2266.405711
FALL,percent_sgd,0.210594315
FALL,Temp_in,26.1885656
FALL,Salinity,34.58843786
FALL,Phosphate,0.08
FALL,Silicate,2.11
FALL,NN,0.17
FALL,pH,8.086
FALL,TA,2249.929778
FALL,percent_sgd,0.272609819
FALL,Temp_in,25.90139646
FALL,Salinity,34.58536142
FALL,Phosphate,0.09
FALL,Silicate,2.18
FALL,NN,0.13
FALL,pH,8.077
FALL,TA,2268.266354
FALL,percent_sgd,0.281653747
FALL,Temp_in,25.91379523
FALL,Salinity,34.59195379
FALL,Phosphate,0.06
FALL,Silicate,2.03
FALL,NN,0.1
FALL,pH,8.023
FALL,TA,2273.234331
FALL,percent_sgd,0.262273902
FALL,Temp_in,26.7705343
FALL,Salinity,34.60294107
FALL,Phosphate,0.09
FALL,Silicate,1.78
FALL,NN,0.13
FALL,pH,8.169
FALL,TA,2238.606606
FALL,percent_sgd,0.22997416
FALL,Temp_in,26.93993178
FALL,Salinity,34.61788376
FALL,Phosphate,0.1
FALL,Silicate,1.44
FALL,NN,0.11
FALL,pH,8.139
FALL,TA,2243.843064
FALL,percent_sgd,0.186046512
FALL,Temp_in,27.40983169
FALL,Salinity,34.59766717
FALL,Phosphate,0.1
FALL,Silicate,1.9
FALL,NN,0.1
FALL,pH,8.113
FALL,TA,2246.937582
FALL,percent_sgd,0.245478036
FALL,Temp_in,27.8797316
FALL,Salinity,34.59766717
FALL,Phosphate,0.1
FALL,Silicate,1.9
FALL,NN,0.1
FALL,pH,8.045
FALL,TA,2263.827588
FALL,percent_sgd,0.245478036
FALL,Salinity,22.88874591
FALL,Phosphate,0.87
FALL,Silicate,268.32
FALL,NN,17.4
FALL,pH,8.46
FALL,TA,2015.08101
FALL,percent_sgd,34.66666667
FALL,pH,8.321
FALL,TA,2254.097238
FALL,Temp_in,27.12962167
FALL,Salinity,34.4882339
FALL,Phosphate,0.09
FALL,Silicate,4.39
FALL,NN,0.22
FALL,pH,8.078
FALL,TA,2245.104438
FALL,percent_sgd,0.567183463
FALL,Temp_in,26.89176305
FALL,Salinity,34.4438453
FALL,Phosphate,0.09
FALL,Silicate,5.4
FALL,NN,0.23
FALL,pH,8.147
FALL,TA,2240.358874
FALL,percent_sgd,0.697674419
FALL,Temp_in,27.19561155
FALL,Salinity,34.41527838
FALL,Phosphate,0.1
FALL,Silicate,6.05
FALL,NN,0.3
FALL,pH,8.129
FALL,TA,2226.132597
FALL,percent_sgd,0.781653747
FALL,Temp_in,27.88902331
FALL,Salinity,34.43945039
FALL,Phosphate,0.08
FALL,Silicate,5.5
FALL,NN,0.25
FALL,pH,8.173
FALL,TA,2220.053441
FALL,percent_sgd,0.710594315
FALL,Temp_in,26.97355833
FALL,Salinity,34.5225142
FALL,Phosphate,0.08
FALL,Silicate,3.61
FALL,NN,0.24
FALL,pH,8.114
FALL,TA,2253.270607
FALL,percent_sgd,0.466408269
FALL,Temp_in,27.16259166
FALL,Salinity,34.50317659
FALL,Phosphate,0.11
FALL,Silicate,4.05
FALL,NN,0.35
FALL,pH,8.142
FALL,TA,2231.928785
FALL,percent_sgd,0.523255814
FALL,Temp_in,27.42211556
FALL,Salinity,34.51592183
FALL,Phosphate,0.13
FALL,Silicate,3.76
FALL,NN,0.12
FALL,pH,8.154
FALL,TA,2227.731898
FALL,percent_sgd,0.485788114
FALL,Temp_in,27.65231627
FALL,Salinity,34.53965435
FALL,Phosphate,0.12
FALL,Silicate,3.22
FALL,NN,0.04
FALL,pH,8.15
FALL,TA,2238.532837
FALL,percent_sgd,0.416020672
FALL,Temp_in,27.48360478
FALL,Salinity,34.54668621
FALL,Phosphate,0.09
FALL,Silicate,3.06
FALL,NN,0.2
FALL,pH,8.111
FALL,TA,2234.152534
FALL,percent_sgd,0.395348837
FALL,Temp_in,27.27202689
FALL,Salinity,34.53789639
FALL,Phosphate,0.07
FALL,Silicate,3.26
FALL,NN,0.22
FALL,pH,8.128
FALL,TA,2219.513637
FALL,percent_sgd,0.42118863
FALL,Temp_in,27.3170607
FALL,Salinity,34.52910657
FALL,Phosphate,0.09
FALL,Silicate,3.46
FALL,NN,0.68
FALL,pH,8.135
FALL,TA,2206.974224
FALL,percent_sgd,0.447028424
FALL,Temp_in,27.48468849
FALL,Salinity,34.54317028
FALL,Phosphate,0.09
FALL,Silicate,3.14
FALL,NN,0.21
FALL,pH,8.194
FALL,TA,2231.540629
FALL,percent_sgd,0.405684755
FALL,Temp_in,27.68477446
FALL,Salinity,34.57613211
FALL,Phosphate,0.08
FALL,Silicate,2.39
FALL,NN,0.14
FALL,pH,8.199
FALL,TA,2235.314033
FALL,percent_sgd,0.30878553
FALL,Temp_in,27.50769411
FALL,Salinity,34.58448244
FALL,Phosphate,0.08
FALL,Silicate,2.2
FALL,NN,0.17
FALL,pH,8.171
FALL,TA,2231.773561
FALL,percent_sgd,0.284237726
FALL,Temp_in,27.34219822
FALL,Salinity,34.5765716
FALL,Phosphate,0.08
FALL,Silicate,2.38
FALL,NN,0.11
FALL,pH,8.152
FALL,TA,2244.596967
FALL,percent_sgd,0.30749354
FALL,Temp_in,27.43287305
FALL,Salinity,34.55635501
FALL,Phosphate,0.1
FALL,Silicate,2.84
FALL,NN,0.12
FALL,pH,8.141
FALL,TA,2225.157422
FALL,percent_sgd,0.366925065
FALL,Temp_in,27.22096664
FALL,Salinity,34.60689649
FALL,Phosphate,0.12
FALL,Silicate,1.69
FALL,NN,0.15
FALL,pH,8.17
FALL,TA,2242.445381
FALL,percent_sgd,0.218346253
FALL,Temp_in,27.39999941
FALL,Salinity,34.60294107
FALL,Phosphate,0.11
FALL,Silicate,1.78
FALL,NN,0.2
FALL,pH,8.165
FALL,TA,2244.10175
FALL,percent_sgd,0.22997416
FALL,Temp_in,27.94864676
FALL,Salinity,34.61304936
FALL,Phosphate,0.15
FALL,Silicate,1.55
FALL,NN,0.14
FALL,pH,8.112
FALL,TA,2260.206592
FALL,percent_sgd,0.200258398
FALL,Temp_in,28.49729411
FALL,Salinity,34.59678819
FALL,Phosphate,0.12
FALL,Silicate,1.92
FALL,NN,0.27
FALL,pH,8.139
FALL,TA,2254.998379
FALL,percent_sgd,0.248062016
FALL,Salinity,30.70289725
FALL,Phosphate,0.46
FALL,Silicate,90.52
FALL,NN,8.44
FALL,pH,8.564
FALL,TA,2222.257128
FALL,percent_sgd,11.69509044
FALL,pH,8.599
FALL,TA,2243.629736
FALL,Temp_in,24.4424524
FALL,Salinity,28.02024372
FALL,Phosphate,0.49
FALL,Silicate,151.56
FALL,NN,6.98
FALL,pH,7.964
FALL,TA,2155.302454
FALL,percent_sgd,19.58139535
FALL,Temp_in,24.17257622
FALL,Salinity,25.96034904
FALL,Phosphate,0.62
FALL,Silicate,198.43
FALL,NN,11.69
FALL,pH,8.006
FALL,TA,2133.421493
FALL,percent_sgd,25.6369509
FALL,Temp_in,24.81139318
FALL,Salinity,30.53896708
FALL,Phosphate,0.36
FALL,Silicate,94.25
FALL,NN,4.08
FALL,pH,8.008
FALL,TA,2205.1881
FALL,percent_sgd,12.17700258
FALL,Temp_in,25.62518103
FALL,Salinity,33.16097084
FALL,Phosphate,0.18
FALL,Silicate,34.59
FALL,NN,0.76
FALL,pH,7.97
FALL,TA,2249.618001
FALL,percent_sgd,4.468992248
FALL,Temp_in,24.45273464
FALL,Salinity,28.02859405
FALL,Phosphate,0.49
FALL,Silicate,151.37
FALL,NN,7.39
FALL,pH,7.999
FALL,TA,2129.366609
FALL,percent_sgd,19.55684755
FALL,Temp_in,25.04213669
FALL,Salinity,32.3602181
FALL,Phosphate,0.22
FALL,Silicate,52.81
FALL,NN,2.14
FALL,pH,7.963
FALL,TA,2207.789729
FALL,percent_sgd,6.822997416
FALL,Temp_in,25.28877011
FALL,Salinity,33.64045561
FALL,Phosphate,0.15
FALL,Silicate,23.68
FALL,NN,0.82
FALL,pH,7.995
FALL,TA,2237.131953
FALL,percent_sgd,3.059431525
FALL,Temp_in,25.46793771
FALL,Salinity,33.91074262
FALL,Phosphate,0.13
FALL,Silicate,17.53
FALL,NN,0.42
FALL,pH,7.954
FALL,TA,2252.364904
FALL,percent_sgd,2.264857881
FALL,Temp_in,26.60597928
FALL,Salinity,32.41032009
FALL,Phosphate,0.16
FALL,Silicate,51.67
FALL,NN,1.01
FALL,pH,7.956
FALL,TA,2213.643995
FALL,percent_sgd,6.675710594
FALL,Temp_in,25.4691375
FALL,Salinity,34.45219563
FALL,Phosphate,0.09
FALL,Silicate,5.21
FALL,NN,0.45
FALL,pH,8.012
FALL,TA,2234.700866
FALL,percent_sgd,0.673126615
FALL,Temp_in,25.48436687
FALL,Salinity,34.47592815
FALL,Phosphate,0.08
FALL,Silicate,4.67
FALL,NN,0.3
FALL,pH,8.008
FALL,TA,2245.851148
FALL,percent_sgd,0.603359173
FALL,Temp_in,25.47615229
FALL,Salinity,34.39198535
FALL,Phosphate,0.09
FALL,Silicate,6.58
FALL,NN,0.25
FALL,pH,8.002
FALL,TA,2237.72937
FALL,percent_sgd,0.850129199
FALL,Temp_in,25.8971684
FALL,Salinity,34.557234
FALL,Phosphate,0.08
FALL,Silicate,2.82
FALL,NN,0.15
FALL,pH,8.052
FALL,TA,2220.377584
FALL,percent_sgd,0.364341085
FALL,Temp_in,25.63735834
FALL,Salinity,34.59107481
FALL,Phosphate,0.07
FALL,Silicate,2.05
FALL,NN,0.09
FALL,pH,7.987
FALL,TA,2244.502057
FALL,percent_sgd,0.264857881
FALL,Temp_in,25.65576359
FALL,Salinity,34.56558433
FALL,Phosphate,0.06
FALL,Silicate,2.63
FALL,NN,0.12
FALL,pH,8.039
FALL,TA,2216.418806
FALL,percent_sgd,0.339793282
FALL,Temp_in,25.64365472
FALL,Salinity,34.56074992
FALL,Phosphate,0.09
FALL,Silicate,2.74
FALL,NN,0.16
FALL,pH,8.04
FALL,TA,2248.676797
FALL,percent_sgd,0.354005168
FALL,Temp_in,26.45559787
FALL,Salinity,34.63018951
FALL,Phosphate,0.1
FALL,Silicate,1.16
FALL,NN,0.18
FALL,pH,8.005
FALL,TA,2263.444971
FALL,percent_sgd,0.149870801
FALL,Temp_in,26.73234029
FALL,Salinity,34.6359029
FALL,Phosphate,0.1
FALL,Silicate,1.03
FALL,NN,0.17
FALL,pH,8.001
FALL,TA,2248.438919
FALL,percent_sgd,0.133074935
FALL,Temp_in,26.78095108
FALL,Salinity,34.6359029
FALL,Phosphate,0.09
FALL,Silicate,1.03
FALL,NN,0.08
FALL,pH,8.003
FALL,TA,2265.104985
FALL,percent_sgd,0.133074935
FALL,Temp_in,26.82956186
FALL,Salinity,34.59019583
FALL,Phosphate,0.07
FALL,Silicate,2.07
FALL,NN,0.08
FALL,pH,8.022
FALL,TA,2247.691473
FALL,percent_sgd,0.26744186
FALL,Salinity,15.18930174
FALL,Phosphate,1.36
FALL,Silicate,443.51
FALL,NN,33.55
FALL,pH,8.046
FALL,TA,1982.831316
FALL,percent_sgd,57.30103359
FALL,pH,8.469
FALL,TA,2228.076231
FALL,Temp_in,25.68967338
FALL,Salinity,34.39330382
FALL,Phosphate,0.09
FALL,Silicate,6.55
FALL,NN,0.35
FALL,pH,7.963
FALL,TA,2239.324994
FALL,percent_sgd,0.84625323
FALL,Temp_in,25.09458918
FALL,Salinity,33.76834751
FALL,Phosphate,0.15
FALL,Silicate,20.77
FALL,NN,1.4
FALL,pH,7.948
FALL,TA,2262.677419
FALL,percent_sgd,2.683462532
FALL,Temp_in,24.9418639
FALL,Salinity,33.73670416
FALL,Phosphate,0.12
FALL,Silicate,21.49
FALL,NN,1.2
FALL,pH,7.861
FALL,TA,2255.300778
FALL,percent_sgd,2.776485788
FALL,Temp_in,25.321412810000002
FALL,Salinity,34.06104857
FALL,Phosphate,0.07
FALL,Silicate,14.11
FALL,NN,0.42
FALL,pH,7.928
FALL,TA,2266.715279
FALL,percent_sgd,1.822997416
FALL,Temp_in,25.65252817
FALL,Salinity,34.48515746
FALL,Phosphate,0.11
FALL,Silicate,4.46
FALL,NN,0.29
FALL,pH,7.964
FALL,TA,2251.264292
FALL,percent_sgd,0.57622739
FALL,Temp_in,25.5747585
FALL,Salinity,34.34364133
FALL,Phosphate,0.21
FALL,Silicate,7.68
FALL,NN,0.57
FALL,pH,7.947
FALL,TA,2258.76146
FALL,percent_sgd,0.992248062
FALL,Temp_in,25.35710456
FALL,Salinity,34.42714464
FALL,Phosphate,0.1
FALL,Silicate,5.78
FALL,NN,0.24
FALL,pH,7.943
FALL,TA,2266.833129
FALL,percent_sgd,0.746770026
FALL,Temp_in,25.30856245
FALL,Salinity,34.38011909
FALL,Phosphate,0.1
FALL,Silicate,6.85
FALL,NN,0.33
FALL,pH,7.929
FALL,TA,2249.646663
FALL,percent_sgd,0.88501292
FALL,Temp_in,26.42200645
FALL,Salinity,34.54185181
FALL,Phosphate,0.09
FALL,Silicate,3.17
FALL,NN,0.24
FALL,pH,7.948
FALL,TA,2259.562288
FALL,percent_sgd,0.409560724
FALL,Temp_in,25.65082403
FALL,Salinity,34.5075715
FALL,Phosphate,0.09
FALL,Silicate,3.95
FALL,NN,0.25
FALL,pH,7.94
FALL,TA,2263.486124
FALL,percent_sgd,0.510335917
FALL,Temp_in,25.41696805
FALL,Salinity,34.50581354
FALL,Phosphate,0.08
FALL,Silicate,3.99
FALL,NN,0.18
FALL,pH,7.916
FALL,TA,2257.603516
FALL,percent_sgd,0.515503876
FALL,Temp_in,25.36276525
FALL,Salinity,34.54888366
FALL,Phosphate,0.11
FALL,Silicate,3.01
FALL,NN,0.13
FALL,pH,7.901
FALL,TA,2266.414651
FALL,percent_sgd,0.388888889
FALL,Temp_in,26.48281306
FALL,Salinity,34.59898565
FALL,Phosphate,0.12
FALL,Silicate,1.87
FALL,NN,0.15
FALL,pH,7.977
FALL,TA,2281.690363
FALL,percent_sgd,0.241602067
FALL,Temp_in,26.37324359
FALL,Salinity,34.59722768
FALL,Phosphate,0.09
FALL,Silicate,1.91
FALL,NN,0.14
FALL,pH,7.974
FALL,TA,2260.598828
FALL,percent_sgd,0.246770026
FALL,Temp_in,25.90139646
FALL,Salinity,34.60425954
FALL,Phosphate,0.09
FALL,Silicate,1.75
FALL,NN,0.13
FALL,pH,7.945
FALL,TA,2268.553037
FALL,percent_sgd,0.226098191
FALL,Temp_in,25.82313164
FALL,Salinity,34.59019583
FALL,Phosphate,0.1
FALL,Silicate,2.07
FALL,NN,0.14
FALL,pH,7.926
FALL,TA,2261.428824
FALL,percent_sgd,0.26744186
FALL,Temp_in,26.38784991
FALL,Salinity,34.61348885
FALL,Phosphate,0.13
FALL,Silicate,1.54
FALL,NN,0.15
FALL,pH,8.01
FALL,TA,2253.449673
FALL,percent_sgd,0.198966408
FALL,Temp_in,26.52661899
FALL,Salinity,34.61700478
FALL,Phosphate,0.11
FALL,Silicate,1.46
FALL,NN,0.14
FALL,pH,8.001
FALL,TA,2266.47176
FALL,percent_sgd,0.188630491
FALL,Temp_in,26.76743323
FALL,Salinity,34.61964173
FALL,Phosphate,0.08
FALL,Silicate,1.4
FALL,NN,0.09
FALL,pH,7.936
FALL,TA,2255.282957
FALL,percent_sgd,0.180878553
FALL,Temp_in,27.00824746
FALL,Salinity,34.5717372
FALL,Phosphate,0.11
FALL,Silicate,2.49
FALL,NN,0.76
FALL,pH,7.938
FALL,TA,2264.389536
FALL,percent_sgd,0.321705426
FALL,Salinity,33.0695567
FALL,Phosphate,0.23
FALL,Silicate,36.67
FALL,NN,2.31
FALL,pH,8.317
FALL,TA,2260.693464
FALL,percent_sgd,4.737726098
FALL,pH,8.373
FALL,TA,2257.19649
SPRING,Temp_in,24.36430308
SPRING,Salinity,29.98459089
SPRING,Phosphate,0.77
SPRING,Silicate,113.44
SPRING,NN,25.67
SPRING,pH,8.044
SPRING,TA,2413.55454
SPRING,percent_sgd,14.28715365
SPRING,Temp_in,24.26588674
SPRING,Salinity,29.3304682
SPRING,Phosphate,0.82
SPRING,Silicate,129.12
SPRING,NN,30.38
SPRING,pH,8.099
SPRING,TA,2267.730322
SPRING,percent_sgd,16.26196474
SPRING,Temp_in,24.35549788
SPRING,Salinity,29.00382403
SPRING,Phosphate,0.89
SPRING,Silicate,136.95
SPRING,NN,32.39
SPRING,pH,8.064
SPRING,TA,2318.107265
SPRING,percent_sgd,17.24811083
SPRING,Temp_in,24.62121492
SPRING,Salinity,34.39533014
SPRING,Phosphate,0.12
SPRING,Silicate,7.71
SPRING,NN,0.39
SPRING,pH,8.116
SPRING,TA,2236.163316
SPRING,percent_sgd,0.971032746
SPRING,Temp_in,24.46648584
SPRING,Salinity,34.42786941
SPRING,Phosphate,0.11
SPRING,Silicate,6.93
SPRING,NN,0.31
SPRING,percent_sgd,0.87279597
SPRING,Temp_in,23.99281824
SPRING,Salinity,31.16685089
SPRING,Phosphate,0.41
SPRING,Silicate,85.1
SPRING,NN,11.56
SPRING,pH,8.047
SPRING,TA,2397.096741
SPRING,percent_sgd,10.71788413
SPRING,Temp_in,24.13040372
SPRING,Salinity,31.87562286
SPRING,Phosphate,0.36
SPRING,Silicate,68.11
SPRING,NN,10.16
SPRING,pH,8.027
SPRING,TA,2397.404824
SPRING,percent_sgd,8.578085642
SPRING,Temp_in,24.38001239
SPRING,Salinity,33.57725962
SPRING,Phosphate,0.22
SPRING,Silicate,27.32
SPRING,NN,5.04
SPRING,percent_sgd,3.440806045
SPRING,Temp_in,24.71548058
SPRING,Salinity,33.68196931
SPRING,Phosphate,0.18
SPRING,Silicate,24.81
SPRING,NN,3.9
SPRING,pH,8.123
SPRING,TA,2326.434209
SPRING,percent_sgd,3.124685139
SPRING,Temp_in,24.40795864
SPRING,Salinity,34.27685384
SPRING,Phosphate,0.13
SPRING,Silicate,10.55
SPRING,NN,0.64
SPRING,pH,8.147
SPRING,TA,2236.573255
SPRING,percent_sgd,1.328715365
SPRING,Temp_in,23.6051587
SPRING,Salinity,33.80420014
SPRING,Phosphate,0.15
SPRING,Silicate,21.88
SPRING,NN,0.65
SPRING,pH,8.026
SPRING,TA,2355.743146
SPRING,percent_sgd,2.755667506
SPRING,Temp_in,24.16636374
SPRING,Salinity,32.83219385
SPRING,Phosphate,0.26
SPRING,Silicate,45.18
SPRING,NN,6.18
SPRING,percent_sgd,5.690176322
SPRING,Temp_in,23.62890041
SPRING,Salinity,33.27063961
SPRING,Phosphate,0.25
SPRING,Silicate,34.67
SPRING,NN,2.9
SPRING,percent_sgd,4.366498741
SPRING,Temp_in,24.54774649
SPRING,Salinity,32.88767747
SPRING,Phosphate,0.34
SPRING,Silicate,43.85
SPRING,NN,9.01
SPRING,pH,8.081
SPRING,TA,2316.328969
SPRING,percent_sgd,5.522670025
SPRING,Temp_in,24.47785256
SPRING,Salinity,33.83215054
SPRING,Phosphate,0.19
SPRING,Silicate,21.21
SPRING,NN,2.99
SPRING,percent_sgd,2.671284635
SPRING,Temp_in,24.82692601
SPRING,Salinity,34.65397559
SPRING,Phosphate,0.13
SPRING,Silicate,1.51
SPRING,NN,0.19
SPRING,pH,8.111
SPRING,TA,2292.858131
SPRING,percent_sgd,0.190176322
SPRING,Temp_in,24.78615874
SPRING,Salinity,34.65397559
SPRING,Phosphate,0.1
SPRING,Silicate,1.51
SPRING,NN,0.12
SPRING,pH,8.128
SPRING,TA,2238.277969
SPRING,percent_sgd,0.190176322
SPRING,Temp_in,24.86769328
SPRING,Salinity,34.66148466
SPRING,Phosphate,0.14
SPRING,Silicate,1.33
SPRING,NN,0.14
SPRING,pH,8.142
SPRING,TA,2226.03246
SPRING,percent_sgd,0.167506297
SPRING,Temp_in,24.81012382
SPRING,Salinity,34.66190183
SPRING,Phosphate,0.14
SPRING,Silicate,1.32
SPRING,NN,0.12
SPRING,pH,8.144
SPRING,TA,2215.231211
SPRING,percent_sgd,0.166246851
SPRING,Temp_in,24.64398819
SPRING,Salinity,34.66273617
SPRING,Phosphate,0.1
SPRING,Silicate,1.3
SPRING,NN,0.06
SPRING,pH,8.2
SPRING,TA,2249.687868
SPRING,percent_sgd,0.16372796
SPRING,Salinity,2.360422521
SPRING,Phosphate,3.66
SPRING,Silicate,775.62
SPRING,NN,172.23
SPRING,pH,7.766
SPRING,TA,2960.139588
SPRING,percent_sgd,97.68513854
SPRING,Temp_in,24.50557859
SPRING,Salinity,34.65480993
SPRING,Phosphate,0.39
SPRING,Silicate,1.49
SPRING,NN,0.25
SPRING,pH,8.099
SPRING,TA,2243.475823
SPRING,percent_sgd,0.187657431
SPRING,Temp_in,24.50557859
SPRING,Salinity,34.64813521
SPRING,Phosphate,0.31
SPRING,Silicate,1.65
SPRING,NN,0.4
SPRING,pH,8.105
SPRING,TA,2236.587109
SPRING,percent_sgd,0.207808564
SPRING,Temp_in,26.43988305
SPRING,Salinity,34.11499185
SPRING,Phosphate,0.19
SPRING,Silicate,14.43
SPRING,NN,1.29
SPRING,pH,8.325
SPRING,TA,2243.563576
SPRING,percent_sgd,1.817380353
SPRING,Temp_in,25.95308568
SPRING,Salinity,34.02905481
SPRING,Phosphate,0.19
SPRING,Silicate,16.49
SPRING,NN,1.17
SPRING,pH,8.306
SPRING,TA,2186.695385
SPRING,percent_sgd,2.076826196
SPRING,Temp_in,26.09657093
SPRING,Salinity,34.02488311
SPRING,Phosphate,0.16
SPRING,Silicate,16.59
SPRING,NN,1.08
SPRING,pH,8.307
SPRING,TA,2221.347741
SPRING,percent_sgd,2.089420655
SPRING,Temp_in,26.3741154
SPRING,Salinity,34.10080807
SPRING,Phosphate,0.15
SPRING,Silicate,14.77
SPRING,NN,0.69
SPRING,pH,8.309
SPRING,TA,2158.086772
SPRING,percent_sgd,1.860201511
SPRING,Temp_in,26.22549947
SPRING,Salinity,34.08578994
SPRING,Phosphate,0.15
SPRING,Silicate,15.13
SPRING,NN,0.52
SPRING,pH,8.322
SPRING,TA,2194.570047
SPRING,percent_sgd,1.905541562
SPRING,Temp_in,26.93809503
SPRING,Salinity,34.44831074
SPRING,Phosphate,0.15
SPRING,Silicate,6.44
SPRING,NN,0.49
SPRING,pH,8.241
SPRING,TA,2257.948452
SPRING,percent_sgd,0.811083123
SPRING,Temp_in,26.59350312
SPRING,Salinity,34.2593327
SPRING,Phosphate,0.16
SPRING,Silicate,10.97
SPRING,NN,0.9
SPRING,pH,8.288
SPRING,TA,2219.660067
SPRING,percent_sgd,1.381612091
SPRING,Temp_in,25.99096602
SPRING,Salinity,34.08620711
SPRING,Phosphate,0.18
SPRING,Silicate,15.12
SPRING,NN,1.14
SPRING,pH,8.292
SPRING,TA,2221.334924
SPRING,percent_sgd,1.904282116
SPRING,Temp_in,26.32904648
SPRING,Salinity,34.21302682
SPRING,Phosphate,0.16
SPRING,Silicate,12.08
SPRING,NN,1.43
SPRING,pH,8.272
SPRING,TA,2268.926038
SPRING,percent_sgd,1.521410579
SPRING,Temp_in,25.73860766
SPRING,Salinity,34.4474764
SPRING,Phosphate,0.14
SPRING,Silicate,6.46
SPRING,NN,0.51
SPRING,pH,8.242
SPRING,TA,2192.279963
SPRING,percent_sgd,0.813602015
SPRING,Temp_in,26.25084177
SPRING,Salinity,34.62435652
SPRING,Phosphate,0.18
SPRING,Silicate,2.22
SPRING,NN,0.28
SPRING,pH,8.228
SPRING,TA,2280.421802
SPRING,percent_sgd,0.279596977
SPRING,Temp_in,26.0501276
SPRING,Salinity,34.58013649
SPRING,Phosphate,0.16
SPRING,Silicate,3.28
SPRING,NN,0.39
SPRING,pH,8.264
SPRING,TA,2237.264392
SPRING,percent_sgd,0.413098237
SPRING,Temp_in,25.93392292
SPRING,Salinity,34.60308084
SPRING,Phosphate,0.15
SPRING,Silicate,2.73
SPRING,NN,0.44
SPRING,pH,8.225
SPRING,TA,2233.180943
SPRING,percent_sgd,0.343828715
SPRING,Temp_in,26.03382707
SPRING,Salinity,34.23763985
SPRING,Phosphate,0.17
SPRING,Silicate,11.49
SPRING,NN,0.81
SPRING,pH,8.288
SPRING,TA,2234.133732
SPRING,percent_sgd,1.447103275
SPRING,Temp_in,25.88621737
SPRING,Salinity,34.25849836
SPRING,Phosphate,0.17
SPRING,Silicate,10.99
SPRING,NN,0.87
SPRING,pH,8.279
SPRING,TA,2248.933606
SPRING,percent_sgd,1.384130982
SPRING,Temp_in,25.66787286
SPRING,Salinity,34.63144841
SPRING,Phosphate,0.14
SPRING,Silicate,2.05
SPRING,NN,0.16
SPRING,pH,8.182
SPRING,TA,2277.477824
SPRING,percent_sgd,0.258186398
SPRING,Temp_in,25.8020621
SPRING,Salinity,34.64396351
SPRING,Phosphate,0.23
SPRING,Silicate,1.75
SPRING,NN,0.16
SPRING,pH,8.18
SPRING,TA,2220.585898
SPRING,percent_sgd,0.220403023
SPRING,Temp_in,25.53368361
SPRING,Salinity,34.64771804
SPRING,Phosphate,0.18
SPRING,Silicate,1.66
SPRING,NN,0.18
SPRING,pH,8.18
SPRING,TA,2241.388236
SPRING,percent_sgd,0.20906801
SPRING,Temp_in,25.34936877
SPRING,Salinity,34.6510554
SPRING,Phosphate,0.17
SPRING,Silicate,1.58
SPRING,NN,0.18
SPRING,pH,8.125
SPRING,TA,2251.166265
SPRING,percent_sgd,0.198992443
SPRING,Temp_in,25.61779307
SPRING,Salinity,34.65647861
SPRING,Phosphate,0.18
SPRING,Silicate,1.45
SPRING,NN,0.15
SPRING,percent_sgd,0.182619647
SPRING,Salinity,33.76456898
SPRING,Phosphate,0.43
SPRING,Silicate,22.83
SPRING,NN,1.79
SPRING,pH,8.8
SPRING,TA,2196.21183
SPRING,percent_sgd,2.875314861
SPRING,Temp_in,24.61367267
SPRING,Salinity,32.68159545
SPRING,Phosphate,0.41
SPRING,Silicate,48.79
SPRING,NN,11.03
SPRING,pH,8.025
SPRING,TA,2314.542987
SPRING,percent_sgd,6.144836272
SPRING,Temp_in,24.1146881
SPRING,Salinity,33.41039158
SPRING,Phosphate,0.26
SPRING,Silicate,31.32
SPRING,NN,6.75
SPRING,pH,8.028
SPRING,TA,2290.902568
SPRING,percent_sgd,3.944584383
SPRING,Temp_in,24.02649761
SPRING,Salinity,33.23851751
SPRING,Phosphate,0.3
SPRING,Silicate,35.44
SPRING,NN,7.68
SPRING,pH,8.013
SPRING,TA,2304.139072
SPRING,percent_sgd,4.463476071
SPRING,Temp_in,24.23656885
SPRING,Salinity,34.54175684
SPRING,Phosphate,0.1
SPRING,Silicate,4.2
SPRING,NN,0.42
SPRING,pH,8.003
SPRING,TA,2228.052265
SPRING,percent_sgd,0.528967254
SPRING,Temp_in,24.20107795
SPRING,Salinity,34.53466495
SPRING,Phosphate,0.14
SPRING,Silicate,4.37
SPRING,NN,0.51
SPRING,pH,8.012
SPRING,TA,2266.224599
SPRING,percent_sgd,0.550377834
SPRING,Temp_in,24.84828896
SPRING,Salinity,32.37497545
SPRING,Phosphate,0.37
SPRING,Silicate,56.14
SPRING,NN,9.52
SPRING,pH,8.106
SPRING,TA,2220.656631
SPRING,percent_sgd,7.0705289670000004
SPRING,Temp_in,24.61572552
SPRING,Salinity,32.73165586
SPRING,Phosphate,0.34
SPRING,Silicate,47.59
SPRING,NN,8.48
SPRING,pH,8.021
SPRING,TA,2269.052036
SPRING,percent_sgd,5.993702771
SPRING,Temp_in,24.2475804
SPRING,Salinity,33.05371117
SPRING,Phosphate,0.46
SPRING,Silicate,39.87
SPRING,NN,8.21
SPRING,pH,7.993
SPRING,TA,2287.455925
SPRING,percent_sgd,5.021410579
SPRING,Temp_in,24.43239884
SPRING,Salinity,33.37576647
SPRING,Phosphate,0.27
SPRING,Silicate,32.15
SPRING,NN,6.17
SPRING,pH,8.003510029
SPRING,TA,2249.046991
SPRING,percent_sgd,4.049118388
SPRING,Temp_in,24.2099128
SPRING,Salinity,34.51005192
SPRING,Phosphate,0.23
SPRING,Silicate,4.96
SPRING,NN,0.5
SPRING,pH,8.02651807
SPRING,TA,2280.531534
SPRING,percent_sgd,0.624685139
SPRING,Temp_in,24.14020952
SPRING,Salinity,34.57888498
SPRING,Phosphate,0.1
SPRING,Silicate,3.31
SPRING,NN,0.29
SPRING,pH,8.081866954
SPRING,TA,2240.128003
SPRING,percent_sgd,0.416876574
SPRING,Temp_in,24.77716809
SPRING,Salinity,34.40534223
SPRING,Phosphate,0.15
SPRING,Silicate,7.47
SPRING,NN,0.73
SPRING,pH,8.114779892
SPRING,TA,2189.086709
SPRING,percent_sgd,0.940806045
SPRING,Temp_in,23.80186672
SPRING,Salinity,34.60725254
SPRING,Phosphate,0.11
SPRING,Silicate,2.63
SPRING,NN,0.36
SPRING,pH,8.053573573
SPRING,TA,2280.216101
SPRING,percent_sgd,0.331234257
SPRING,Temp_in,24.33998962
SPRING,Salinity,32.75877192
SPRING,Phosphate,0.38
SPRING,Silicate,46.94
SPRING,NN,10.25
SPRING,pH,8.01779811
SPRING,TA,2297.281158
SPRING,percent_sgd,5.911838791
SPRING,Temp_in,24.27495121
SPRING,Salinity,33.38995025
SPRING,Phosphate,0.28
SPRING,Silicate,31.81
SPRING,NN,6.22
SPRING,pH,8.025869493
SPRING,TA,2267.194268
SPRING,percent_sgd,4.006297229
SPRING,Temp_in,24.39985111
SPRING,Salinity,34.65898163
SPRING,Phosphate,0.13
SPRING,Silicate,1.39
SPRING,NN,0.13
SPRING,pH,8.037282948
SPRING,TA,2237.61632
SPRING,percent_sgd,0.175062972
SPRING,Temp_in,24.44086574
SPRING,Salinity,34.66607353
SPRING,Phosphate,0.13
SPRING,Silicate,1.22
SPRING,NN,0.11
SPRING,pH,8.05934225
SPRING,TA,2282.497485
SPRING,percent_sgd,0.153652393
SPRING,Temp_in,24.35883647
SPRING,Salinity,34.65898163
SPRING,Phosphate,0.14
SPRING,Silicate,1.39
SPRING,NN,0.11
SPRING,pH,8.060873516
SPRING,TA,2265.18179
SPRING,percent_sgd,0.175062972
SPRING,Temp_in,24.33583742
SPRING,Salinity,34.66607353
SPRING,Phosphate,0.13
SPRING,Silicate,1.22
SPRING,NN,0.1
SPRING,pH,8.062598919
SPRING,TA,2289.920174
SPRING,percent_sgd,0.153652393
SPRING,Temp_in,24.30539432
SPRING,Salinity,34.67149674
SPRING,Phosphate,0.1
SPRING,Silicate,1.09
SPRING,NN,0.07
SPRING,pH,8.054570687
SPRING,TA,2290.440985
SPRING,percent_sgd,0.137279597
SPRING,Salinity,2.72419483
SPRING,Phosphate,3.79
SPRING,Silicate,766.9
SPRING,NN,167.35
SPRING,pH,7.781500484
SPRING,TA,2946.399678
SPRING,percent_sgd,96.58690176
SPRING,Temp_in,23.82150235
SPRING,Salinity,33.88137661
SPRING,Phosphate,0.22
SPRING,Silicate,20.03
SPRING,NN,3.37
SPRING,pH,7.919579465
SPRING,TA,2295.739761
SPRING,percent_sgd,2.522670025
SPRING,Temp_in,23.57837763
SPRING,Salinity,33.64150381
SPRING,Phosphate,0.28
SPRING,Silicate,25.78
SPRING,NN,4.69
SPRING,pH,7.91157251
SPRING,TA,2257.163597
SPRING,percent_sgd,3.246851385
SPRING,Temp_in,23.56789117
SPRING,Salinity,33.76206596
SPRING,Phosphate,0.29
SPRING,Silicate,22.89
SPRING,NN,5.07
SPRING,pH,7.862096882
SPRING,TA,2303.544531
SPRING,percent_sgd,2.882871537
SPRING,Temp_in,23.6722341
SPRING,Salinity,33.23476298
SPRING,Phosphate,0.3
SPRING,Silicate,35.53
SPRING,NN,6.44
SPRING,pH,7.907820142
SPRING,TA,2376.22279
SPRING,percent_sgd,4.474811083
SPRING,Temp_in,23.69314217
SPRING,Salinity,34.2718478
SPRING,Phosphate,0.17
SPRING,Silicate,10.67
SPRING,NN,0.88
SPRING,pH,7.939820939
SPRING,TA,2272.001539
SPRING,percent_sgd,1.343828715
SPRING,Temp_in,23.88018281
SPRING,Salinity,33.89514322
SPRING,Phosphate,0.26
SPRING,Silicate,19.7
SPRING,NN,2.58
SPRING,pH,7.906492505
SPRING,TA,2325.43206
SPRING,percent_sgd,2.481108312
SPRING,Temp_in,23.80016594
SPRING,Salinity,34.11123732
SPRING,Phosphate,0.13
SPRING,Silicate,14.52
SPRING,NN,1.95
SPRING,pH,7.938589892
SPRING,TA,2235.382367
SPRING,percent_sgd,1.828715365
SPRING,Temp_in,23.67884846
SPRING,Salinity,34.3456869
SPRING,Phosphate,0.16
SPRING,Silicate,8.9
SPRING,NN,0.96
SPRING,pH,7.975074982
SPRING,TA,2283.34633
SPRING,percent_sgd,1.120906801
SPRING,Temp_in,23.98434878
SPRING,Salinity,34.25808119
SPRING,Phosphate,0.17
SPRING,Silicate,11
SPRING,NN,1.35
SPRING,pH,8.028369918
SPRING,TA,2306.152035
SPRING,percent_sgd,1.385390428
SPRING,Temp_in,23.879532180000002
SPRING,Salinity,34.16088056
SPRING,Phosphate,0.18
SPRING,Silicate,13.33
SPRING,NN,1.77
SPRING,pH,7.972769704
SPRING,TA,2313.877747
SPRING,percent_sgd,1.67884131
SPRING,Temp_in,23.44991079
SPRING,Salinity,34.39366146
SPRING,Phosphate,0.16
SPRING,Silicate,7.75
SPRING,NN,0.62
SPRING,pH,7.950516333
SPRING,TA,2332.963663
SPRING,percent_sgd,0.976070529
SPRING,Temp_in,23.55826206
SPRING,Salinity,34.2885346
SPRING,Phosphate,0.17
SPRING,Silicate,10.27
SPRING,NN,0.94
SPRING,pH,7.931926949
SPRING,TA,2296.169136
SPRING,percent_sgd,1.293450882
SPRING,Temp_in,23.56437412
SPRING,Salinity,34.30063254
SPRING,Phosphate,0.2
SPRING,Silicate,9.98
SPRING,NN,1.12
SPRING,pH,7.951575229
SPRING,TA,2307.153511
SPRING,percent_sgd,1.256926952
SPRING,Temp_in,23.83159862
SPRING,Salinity,34.17548151
SPRING,Phosphate,0.24
SPRING,Silicate,12.98
SPRING,NN,1.33
SPRING,pH,7.936426817
SPRING,TA,2260.179937
SPRING,percent_sgd,1.634760705
SPRING,Temp_in,23.8555654
SPRING,Salinity,34.37280296
SPRING,Phosphate,0.15
SPRING,Silicate,8.25
SPRING,NN,0.79
SPRING,pH,7.974828351
SPRING,TA,2281.27459
SPRING,percent_sgd,1.039042821
SPRING,Temp_in,24.04085082
SPRING,Salinity,34.62560803
SPRING,Phosphate,0.2
SPRING,Silicate,2.19
SPRING,NN,0.26
SPRING,pH,7.997272455
SPRING,TA,2248.230837
SPRING,percent_sgd,0.27581864
SPRING,Temp_in,24.11935325
SPRING,Salinity,34.642712
SPRING,Phosphate,0.17
SPRING,Silicate,1.78
SPRING,NN,0.19
SPRING,pH,8.006306546
SPRING,TA,2262.164351
SPRING,percent_sgd,0.22418136
SPRING,Temp_in,23.96234839
SPRING,Salinity,34.64312917
SPRING,Phosphate,0.23
SPRING,Silicate,1.77
SPRING,NN,0.21
SPRING,pH,8.01510812
SPRING,TA,2252.612802
SPRING,percent_sgd,0.222921914
SPRING,Temp_in,23.97100172
SPRING,Salinity,34.49878832
SPRING,Phosphate,0.16
SPRING,Silicate,5.23
SPRING,NN,0.29
SPRING,TA,2270.292278
SPRING,percent_sgd,0.658690176
SPRING,Temp_in,23.91328356
SPRING,Salinity,34.63478577
SPRING,Phosphate,0.14
SPRING,Silicate,1.97
SPRING,NN,0.23
SPRING,pH,8.02300933
SPRING,TA,2005.770651
SPRING,percent_sgd,0.248110831
SPRING,Salinity,23.41833383
SPRING,Phosphate,1.65
SPRING,Silicate,270.84
SPRING,NN,57.7
SPRING,pH,8.092309441
SPRING,TA,2724.614457
SPRING,percent_sgd,34.11083123
SPRING,Temp_in,24.31201556
SPRING,Salinity,34.65731295
SPRING,Phosphate,0.18
SPRING,Silicate,1.43
SPRING,NN,0.16
SPRING,pH,8.079
SPRING,TA,2315.692172
SPRING,percent_sgd,0.180100756
SPRING,Temp_in,24.31201556
SPRING,Salinity,34.6468837
SPRING,Phosphate,0.25
SPRING,Silicate,1.68
SPRING,NN,0.9
SPRING,pH,8.123
SPRING,TA,2232.024232
SPRING,percent_sgd,0.211586902
FALL,Temp_in,26.76143858
FALL,Salinity,32.86348161
FALL,Phosphate,0.33
FALL,Silicate,44.43
FALL,NN,6.82
FALL,pH,7.967
FALL,TA,2332.185876
FALL,percent_sgd,5.595717884
FALL,Temp_in,26.69573782
FALL,Salinity,33.84424847
FALL,Phosphate,0.26
FALL,Silicate,20.92
FALL,NN,3.87
FALL,pH,8.082
FALL,TA,2286.930259
FALL,percent_sgd,2.634760705
FALL,Temp_in,27.00614145
FALL,Salinity,33.73870444
FALL,Phosphate,0.24
FALL,Silicate,23.45
FALL,NN,5.17
FALL,pH,8.08
FALL,TA,2269.68769
FALL,percent_sgd,2.953400504
FALL,Temp_in,27.31654507
FALL,Salinity,34.63728879
FALL,Phosphate,0.12
FALL,Silicate,1.91
FALL,NN,0.14
FALL,pH,8.089
FALL,TA,2242.025661
FALL,percent_sgd,0.240554156
FALL,Temp_in,27.05741591
FALL,Salinity,34.63979181
FALL,Phosphate,0.11
FALL,Silicate,1.85
FALL,NN,0.09
FALL,pH,8.062
FALL,TA,2243.54534
FALL,percent_sgd,0.232997481
FALL,Temp_in,26.86921055
FALL,Salinity,33.41498046
FALL,Phosphate,0.27
FALL,Silicate,31.21
FALL,NN,5.13
FALL,pH,7.963
FALL,TA,2320.817047
FALL,percent_sgd,3.930730479
FALL,Temp_in,26.66101029
FALL,Salinity,33.99359536
FALL,Phosphate,0.18
FALL,Silicate,17.34
FALL,NN,1.55
FALL,pH,7.879
FALL,TA,2275.301599
FALL,percent_sgd,2.183879093
FALL,Temp_in,26.90438398
FALL,Salinity,33.75497407
FALL,Phosphate,0.21
FALL,Silicate,23.06
FALL,NN,3.43
FALL,pH,8.064
FALL,TA,2276.121447
FALL,percent_sgd,2.904282116
FALL,Temp_in,27.55117867
FALL,Salinity,33.64484117
FALL,Phosphate,0.47
FALL,Silicate,25.7
FALL,NN,5.28
FALL,pH,8.075
FALL,TA,2258.85078
FALL,percent_sgd,3.236775819
FALL,Temp_in,27.0354885
FALL,Salinity,32.82426762
FALL,Phosphate,0.31
FALL,Silicate,45.37
FALL,NN,6.15
FALL,pH,8.057
FALL,TA,2254.674753
FALL,percent_sgd,5.714105793
FALL,Temp_in,26.79420944
FALL,Salinity,32.83761706
FALL,Phosphate,0.3
FALL,Silicate,45.05
FALL,NN,5.9
FALL,pH,7.985
FALL,TA,2331.331611
FALL,percent_sgd,5.673803526
FALL,Temp_in,26.55823033
FALL,Salinity,33.9664793
FALL,Phosphate,0.23
FALL,Silicate,17.99
FALL,NN,4.39
FALL,pH,7.973
FALL,TA,2307.713267
FALL,percent_sgd,2.265743073
FALL,Temp_in,26.57201624
FALL,Salinity,34.10539694
FALL,Phosphate,0.12
FALL,Silicate,14.66
FALL,NN,0.89
FALL,pH,7.993
FALL,TA,2330.784967
FALL,percent_sgd,1.846347607
FALL,Temp_in,27.22778133
FALL,Salinity,33.47171559
FALL,Phosphate,0.26
FALL,Silicate,29.85
FALL,NN,5.47
FALL,pH,8.057
FALL,TA,2304.378372
FALL,percent_sgd,3.759445844
FALL,Temp_in,27.13163491
FALL,Salinity,33.95187835
FALL,Phosphate,0.19
FALL,Silicate,18.34
FALL,NN,3.57
FALL,pH,8.073
FALL,TA,2264.791301
FALL,percent_sgd,2.309823678
FALL,Temp_in,27.10562886
FALL,Salinity,34.59932631
FALL,Phosphate,0.09
FALL,Silicate,2.82
FALL,NN,0.14
FALL,pH,8.011
FALL,TA,2264.357533
FALL,percent_sgd,0.355163728
FALL,Temp_in,27.24601463
FALL,Salinity,34.62519086
FALL,Phosphate,0.1
FALL,Silicate,2.2
FALL,NN,0.06
FALL,pH,8.035
FALL,TA,2267.318516
FALL,percent_sgd,0.277078086
FALL,Temp_in,26.96524308
FALL,Salinity,34.61476161
FALL,Phosphate,0.09
FALL,Silicate,2.45
FALL,NN,0.02
FALL,pH,8.032
FALL,TA,2265.980562
FALL,percent_sgd,0.308564232
FALL,Temp_in,26.76421938
FALL,Salinity,33.11795536
FALL,Phosphate,0.32
FALL,Silicate,38.33
FALL,NN,8.99
FALL,pH,8.019
FALL,TA,2241.769351
FALL,percent_sgd,4.827455919
FALL,Temp_in,26.94792715
FALL,Salinity,34.61559595
FALL,Phosphate,0.12
FALL,Silicate,2.43
FALL,NN,0.26
FALL,pH,8.107
FALL,TA,2240.192809
FALL,percent_sgd,0.30604534
FALL,Salinity,4.437905441
FALL,Phosphate,3.79
FALL,Silicate,847.66
FALL,NN,171.42
FALL,TA,3032.161996
FALL,percent_sgd,106.7581864
FALL,Temp_in,28.80420676
FALL,Salinity,34.56845573
FALL,Phosphate,0.12
FALL,Silicate,3.56
FALL,NN,0.37
FALL,pH,8.238
FALL,TA,2247.418868
FALL,percent_sgd,0.44836272
FALL,Temp_in,27.86263556
FALL,Salinity,34.46916925
FALL,Phosphate,0.13
FALL,Silicate,5.94
FALL,NN,0.63
FALL,pH,8.184
FALL,TA,2251.2056470000002
FALL,percent_sgd,0.748110831
FALL,Temp_in,27.93680125
FALL,Salinity,34.61142425
FALL,Phosphate,0.12
FALL,Silicate,2.53
FALL,NN,0.27
FALL,pH,8.174
FALL,TA,2254.218952
FALL,percent_sgd,0.318639798
FALL,Temp_in,28.01096694
FALL,Salinity,34.58347385
FALL,Phosphate,0.12
FALL,Silicate,3.2
FALL,NN,0.41
FALL,pH,8.181
FALL,TA,2263.962936
FALL,percent_sgd,0.40302267
FALL,Temp_in,27.89482354
FALL,Salinity,34.46458038
FALL,Phosphate,0.13
FALL,Silicate,6.05
FALL,NN,0.47
FALL,pH,8.205
FALL,TA,2240.933924
FALL,percent_sgd,0.761964736
FALL,Temp_in,28.34277982
FALL,Salinity,34.59849197
FALL,Phosphate,0.12
FALL,Silicate,2.84
FALL,NN,0.48
FALL,pH,8.159
FALL,TA,2232.993566
FALL,percent_sgd,0.35768262
FALL,Temp_in,27.80863216
FALL,Salinity,34.58430819
FALL,Phosphate,0.11
FALL,Silicate,3.18
FALL,NN,0.18
FALL,pH,8.16
FALL,TA,2253.612321
FALL,percent_sgd,0.400503778
FALL,Temp_in,27.53207537
FALL,Salinity,34.58514253
FALL,Phosphate,0.15
FALL,Silicate,3.16
FALL,NN,0.29
FALL,pH,8.161
FALL,TA,2242.801505
FALL,percent_sgd,0.397984887
FALL,Temp_in,28.13003202
FALL,Salinity,34.63728879
FALL,Phosphate,0.12
FALL,Silicate,1.91
FALL,NN,0.12
FALL,pH,8.154
FALL,TA,2242.367666
FALL,percent_sgd,0.240554156
FALL,Temp_in,27.96183195
FALL,Salinity,34.61559595
FALL,Phosphate,0.12
FALL,Silicate,2.43
FALL,NN,0.25
FALL,pH,8.192
FALL,TA,2243.444413
FALL,percent_sgd,0.30604534
FALL,Temp_in,27.79777626
FALL,Salinity,34.61058991
FALL,Phosphate,0.13
FALL,Silicate,2.55
FALL,NN,0.23
FALL,pH,8.237
FALL,TA,2246.246271
FALL,percent_sgd,0.32115869
FALL,Temp_in,27.42398694
FALL,Salinity,34.6260252
FALL,Phosphate,0.11
FALL,Silicate,2.18
FALL,NN,0.18
FALL,pH,8.148
FALL,TA,2256.83964
FALL,percent_sgd,0.274559194
FALL,Temp_in,27.32303057
FALL,Salinity,34.61851614
FALL,Phosphate,0.11
FALL,Silicate,2.36
FALL,NN,0.27
FALL,pH,8.127
FALL,TA,2242.669672
FALL,percent_sgd,0.297229219
FALL,Temp_in,27.8310537
FALL,Salinity,34.55135175
FALL,Phosphate,0.15
FALL,Silicate,3.97
FALL,NN,1.19
FALL,pH,8.148
FALL,TA,2260.144041
FALL,percent_sgd,0.5
FALL,Temp_in,27.89644282
FALL,Salinity,34.64521502
FALL,Phosphate,0.11
FALL,Silicate,1.72
FALL,NN,0.11
FALL,pH,8.021
FALL,TA,2299.97428
FALL,percent_sgd,0.216624685
FALL,Temp_in,27.50866273
FALL,Salinity,34.61726463
FALL,Phosphate,0.12
FALL,Silicate,2.39
FALL,NN,0.13
FALL,pH,8.126
FALL,TA,2240.160568
FALL,percent_sgd,0.301007557
FALL,Temp_in,27.69213699
FALL,Salinity,34.63061407
FALL,Phosphate,0.11
FALL,Silicate,2.07
FALL,NN,0.13
FALL,pH,8.103
FALL,TA,2274.232202
FALL,percent_sgd,0.26070529
FALL,Temp_in,27.32518847
FALL,Salinity,34.63103124
FALL,Phosphate,0.1
FALL,Silicate,2.06
FALL,NN,0.11
FALL,pH,8.097
FALL,TA,2257.036208
FALL,percent_sgd,0.259445844
FALL,Temp_in,27.02672311
FALL,Salinity,34.61976765
FALL,Phosphate,0.1
FALL,Silicate,2.33
FALL,NN,0.12
FALL,pH,8.102
FALL,TA,2266.276492
FALL,percent_sgd,0.293450882
FALL,Temp_in,27.46158297
FALL,Salinity,34.63186558
FALL,Phosphate,0.13
FALL,Silicate,2.04
FALL,NN,0.36
FALL,pH,8.097
FALL,TA,2272.939258
FALL,percent_sgd,0.256926952
FALL,Salinity,29.81897437
FALL,Phosphate,0.91
FALL,Silicate,117.41
FALL,NN,22.65
FALL,TA,2322.011734
FALL,percent_sgd,14.78715365
FALL,Temp_in,26.60019207
FALL,Salinity,33.1354765
FALL,Phosphate,0.45
FALL,Silicate,37.91
FALL,NN,9.23
FALL,pH,7.965
FALL,TA,2309.720093
FALL,percent_sgd,4.774559194
FALL,Temp_in,26.14964391
FALL,Salinity,33.71659442
FALL,Phosphate,0.35
FALL,Silicate,23.98
FALL,NN,5.75
FALL,pH,7.97
FALL,TA,2284.595236
FALL,percent_sgd,3.020151134
FALL,Temp_in,26.34236521
FALL,Salinity,34.34735558
FALL,Phosphate,0.19
FALL,Silicate,8.86
FALL,NN,2.07
FALL,pH,7.97
FALL,TA,2293.36831
FALL,percent_sgd,1.115869018
FALL,Temp_in,26.53508651
FALL,Salinity,34.59098291
FALL,Phosphate,0.12
FALL,Silicate,3.02
FALL,NN,0.38
FALL,pH,7.978
FALL,TA,2263.5227
FALL,percent_sgd,0.380352645
FALL,Temp_in,26.49456815
FALL,Salinity,34.61643029
FALL,Phosphate,0.11
FALL,Silicate,2.41
FALL,NN,0.14
FALL,pH,8.008
FALL,TA,2298.111629
FALL,percent_sgd,0.303526448
FALL,Temp_in,27.23597384
FALL,Salinity,33.10043422
FALL,Phosphate,0.34
FALL,Silicate,38.75
FALL,NN,6.73
FALL,pH,7.975
FALL,TA,2304.653299
FALL,percent_sgd,4.880352645
FALL,Temp_in,26.48220751
FALL,Salinity,32.89602088
FALL,Phosphate,0.37
FALL,Silicate,43.65
FALL,NN,9.31
FALL,pH,7.953
FALL,TA,2317.478024
FALL,percent_sgd,5.497481108
FALL,Temp_in,26.16875144
FALL,Salinity,32.65990261
FALL,Phosphate,0.33
FALL,Silicate,49.31
FALL,NN,7.79
FALL,pH,7.968
FALL,TA,2310.447481
FALL,percent_sgd,6.210327456
FALL,Temp_in,26.75952595
FALL,Salinity,34.10122524
FALL,Phosphate,0.19
FALL,Silicate,14.76
FALL,NN,3.47
FALL,pH,7.977
FALL,TA,2301.735952
FALL,percent_sgd,1.858942065
FALL,Temp_in,26.47511916
FALL,Salinity,34.61851614
FALL,Phosphate,0.14
FALL,Silicate,2.36
FALL,NN,0.36
FALL,pH,8.002
FALL,TA,2270.034481
FALL,percent_sgd,0.297229219
FALL,Temp_in,27.06774146
FALL,Salinity,33.63107456
FALL,Phosphate,0.27
FALL,Silicate,26.03
FALL,NN,5.75
FALL,pH,7.872
FALL,TA,2323.055217
FALL,percent_sgd,3.278337531
FALL,Temp_in,26.27084599
FALL,Salinity,32.9473328
FALL,Phosphate,0.36
FALL,Silicate,42.42
FALL,NN,9.27
FALL,pH,7.962
FALL,TA,2328.288261
FALL,percent_sgd,5.34256927
FALL,Temp_in,26.32914645
FALL,Salinity,32.66866318
FALL,Phosphate,0.35
FALL,Silicate,49.1
FALL,NN,9.97
FALL,pH,7.954
FALL,TA,2340.756951
FALL,percent_sgd,6.183879093
FALL,Temp_in,26.4641387
FALL,Salinity,31.43383975
FALL,Phosphate,0.56
FALL,Silicate,78.7
FALL,NN,18.91
FALL,pH,7.937
FALL,TA,2363.733527
FALL,percent_sgd,9.911838791
FALL,Temp_in,26.46962893
FALL,Salinity,34.61142425
FALL,Phosphate,0.11
FALL,Silicate,2.53
FALL,NN,0.32
FALL,pH,7.953
FALL,TA,2333.262554
FALL,percent_sgd,0.318639798
FALL,Temp_in,26.55552153
FALL,Salinity,34.5605295
FALL,Phosphate,0.14
FALL,Silicate,3.75
FALL,NN,0.41
FALL,pH,7.966
FALL,TA,2258.936004
FALL,percent_sgd,0.472292191
FALL,Temp_in,26.66196532
FALL,Salinity,34.6385403
FALL,Phosphate,0.11
FALL,Silicate,1.88
FALL,NN,0.13
FALL,pH,7.979
FALL,TA,2243.840258
FALL,percent_sgd,0.236775819
FALL,Temp_in,26.44907773
FALL,Salinity,34.63979181
FALL,Phosphate,0.1
FALL,Silicate,1.85
FALL,NN,0.11
FALL,pH,7.986352895
FALL,TA,2251.215074
FALL,percent_sgd,0.232997481
FALL,Temp_in,26.28370408
FALL,Salinity,34.60683537
FALL,Phosphate,0.13
FALL,Silicate,2.64
FALL,NN,0.24
FALL,pH,7.994422731
FALL,TA,2246.641546
FALL,percent_sgd,0.332493703
FALL,Temp_in,26.3766665
FALL,Salinity,34.63520294
FALL,Phosphate,0.11
FALL,Silicate,1.96
FALL,NN,0.11
FALL,pH,7.935437457
FALL,TA,2272.420358
FALL,percent_sgd,0.246851385
FALL,Salinity,4.127570774
FALL,Phosphate,3.47
FALL,Silicate,863.97
FALL,NN,174.14
FALL,TA,3023.370737
FALL,percent_sgd,108.8123426
FALL,Temp_in,26.18770102
FALL,Salinity,34.56929007
FALL,Phosphate,0.14
FALL,Silicate,3.54
FALL,NN,0.37
FALL,pH,7.948460354
FALL,TA,2249.425308
FALL,percent_sgd,0.445843829
FALL,Temp_in,25.97532077
FALL,Salinity,34.61017274
FALL,Phosphate,0.13
FALL,Silicate,2.56
FALL,NN,0.25
FALL,pH,7.977855951
FALL,TA,2287.415556
FALL,percent_sgd,0.322418136
FALL,Temp_in,26.12886004
FALL,Salinity,34.59890914
FALL,Phosphate,0.12
FALL,Silicate,2.83
FALL,NN,0.37
FALL,pH,7.973693782
FALL,TA,2283.299873
FALL,percent_sgd,0.356423174
FALL,Temp_in,26.2823993
FALL,Salinity,34.62435652
FALL,Phosphate,0.12
FALL,Silicate,2.22
FALL,NN,0.17
FALL,pH,7.979602367
FALL,TA,2287.935858
FALL,percent_sgd,0.279596977
FALL,Temp_in,26.1586899
FALL,Salinity,34.2105238
FALL,Phosphate,0.19
FALL,Silicate,12.14
FALL,NN,2.43
FALL,pH,7.95973632
FALL,TA,2265.708995
FALL,percent_sgd,1.528967254
FALL,Temp_in,26.29858645
FALL,Salinity,34.6343686
FALL,Phosphate,0.11
FALL,Silicate,1.98
FALL,NN,0.1
FALL,pH,7.971853415
FALL,TA,2272.158322
FALL,percent_sgd,0.249370277
FALL,Temp_in,26.23589757
FALL,Salinity,34.61976765
FALL,Phosphate,0.13
FALL,Silicate,2.33
FALL,NN,0.25
FALL,pH,7.977504528
FALL,TA,2271.308956
FALL,percent_sgd,0.293450882
FALL,Temp_in,26.07985873
FALL,Salinity,34.63395143
FALL,Phosphate,0.1
FALL,Silicate,1.99
FALL,NN,0.18
FALL,pH,7.981226515
FALL,TA,2298.45
FALL,percent_sgd,0.250629723
FALL,Temp_in,26.5916292
FALL,Salinity,34.5450942
FALL,Phosphate,0.13
FALL,Silicate,4.12
FALL,NN,0.46
FALL,pH,7.975679949
FALL,TA,2264.320621
FALL,percent_sgd,0.518891688
FALL,Temp_in,26.09454258
FALL,Salinity,34.63186558
FALL,Phosphate,0.12
FALL,Silicate,2.04
FALL,NN,0.27
FALL,pH,7.953058009
FALL,TA,2263.395711
FALL,percent_sgd,0.256926952
FALL,Temp_in,26.31830068
FALL,Salinity,34.63687162
FALL,Phosphate,0.12
FALL,Silicate,1.92
FALL,NN,0.13
FALL,pH,7.987136933
FALL,TA,2267.586066
FALL,percent_sgd,0.241813602
FALL,Temp_in,26.13841495
FALL,Salinity,34.63645445
FALL,Phosphate,0.15
FALL,Silicate,1.93
FALL,NN,0.45
FALL,pH,7.993607232
FALL,TA,2268.317898
FALL,percent_sgd,0.243073048
FALL,Temp_in,26.04415533
FALL,Salinity,34.62060199
FALL,Phosphate,0.11
FALL,Silicate,2.31
FALL,NN,0.23
FALL,pH,7.993961285
FALL,TA,2308.201796
FALL,percent_sgd,0.29093199
FALL,Temp_in,26.33574397
FALL,Salinity,34.62352218
FALL,Phosphate,0.12
FALL,Silicate,2.24
FALL,NN,0.32
FALL,pH,7.988899045
FALL,TA,2277.28047
FALL,percent_sgd,0.282115869
FALL,Temp_in,26.21514327
FALL,Salinity,33.3515706
FALL,Phosphate,0.23
FALL,Silicate,32.73
FALL,NN,3.78
FALL,pH,7.957918286
FALL,TA,2270.886531
FALL,percent_sgd,4.122166247
FALL,Temp_in,26.39607726
FALL,Salinity,34.63937464
FALL,Phosphate,0.11
FALL,Silicate,1.86
FALL,NN,0.14
FALL,pH,7.979702972
FALL,TA,2287.435587
FALL,percent_sgd,0.234256927
FALL,Temp_in,26.52213592
FALL,Salinity,34.63061407
FALL,Phosphate,0.11
FALL,Silicate,2.07
FALL,NN,0.14
FALL,pH,7.99735822
FALL,TA,2291.088014
FALL,percent_sgd,0.26070529
FALL,Temp_in,26.2700186
FALL,Salinity,34.08662428
FALL,Phosphate,0.2
FALL,Silicate,15.11
FALL,NN,3.48
FALL,pH,7.999987512
FALL,TA,2261.598973
FALL,percent_sgd,1.90302267
FALL,Temp_in,26.04433627
FALL,Salinity,34.64104332
FALL,Phosphate,0.13
FALL,Silicate,1.82
FALL,NN,0.13
FALL,pH,7.99714614
FALL,TA,2264.343242
FALL,percent_sgd,0.229219144
FALL,Temp_in,26.12973977
FALL,Salinity,34.63228275
FALL,Phosphate,0.1
FALL,Silicate,2.03
FALL,NN,0.05
FALL,pH,7.989379154
FALL,TA,2280.975035
FALL,percent_sgd,0.255667506
